"Reference","Qty","Value","DNP","Exclude from BOM","Exclude from Board","Footprint","Datasheet"
"BT1","1","1043P","","","","ToyDesign:BAT_1043P",""
"C1,C2,C8,C10,C16","5","10uF","","","","Capacitor_SMD:C_1206_3216Metric_Pad1.33x1.80mm_HandSolder",""
"C3,C4,C5,C6,C7,C9,C11,C12,C13,C14,C15","11","100nF","","","","Capacitor_SMD:C_0805_2012Metric_Pad1.18x1.45mm_HandSolder",""
"D1,D2,D3","3","D_Schottky","","","","Diode_SMD:D_SMA_Handsoldering",""
"D4,D5,D6","3","LED","","","","LED_THT:LED_D5.0mm",""
"J1,J2","2","Conn_01x01_Pin","","","","Connector_Wire:SolderWire-0.1sqmm_1x01_D0.4mm_OD1mm",""
"J3","1","FTSH-107-01-X-DV-K-TR","","","","ToyDesign:SAMTEC_FTSH-107-01-X-DV-K-TR",""
"L1","1","10uH","","","","Inductor_SMD:L_1210_3225Metric",""
"LEDB1,LEDB2,LEDB3","3","","","","","Package_DIP:DIP-20_W7.62mm_LongPads",""
"R1,R2","2","10k,4k","","","","Resistor_SMD:R_0805_2012Metric",""
"R3,R4,R5,R6,R7,R8,R9,R10,R11,R12,R13,R14,R15,R16,R17,R18,R19,R20,R21,R22,R23,R24,R25,R26,R27,R28,R29,R30,R31,R32,R33,R34,R35,R36,R37,R38,R39,R40,R41,R42,R43","41","1.2k,100k,10k,650,675k","","","","Resistor_SMD:R_0805_2012Metric_Pad1.20x1.40mm_HandSolder",""
"SW1,SW2","2","5GTH935","","","","ToyDesign:5GTH9",""
"U1","1","TLV61048DBVR","","","","Package_TO_SOT_SMD:SOT-23-6",""
"U2","1","MCP73123","","","","Package_DFN_QFN:DFN-10-1EP_3x3mm_P0.5mm_EP1.7x2.5mm",""
"U3,U7","2","NCP1117-3.3_SOT223,NCP1117-5.0_SOT223","","","","Package_TO_SOT_SMD:SOT-223-3_TabPin2","http://www.onsemi.com/pub_link/Collateral/NCP1117-D.PDF"
"U4","1","MLX90333","","","","ToyDesign:SOIC-8",""
"U5,U6,U8","3","A1330","","","","Package_SO:TSSOP-8_4.4x3mm_P0.65mm",""
"U9","1","TXU0104","","","","Package_SO:TSSOP-14_4.4x5mm_P0.65mm",""
"U10","1","STM32G030K6T6","","","","Package_QFP:LQFP-32_7x7mm_P0.8mm","https://www.st.com/resource/en/datasheet/stm32g030k6.pdf"
"U11,U12,U13,U14,U15,U16,U17","7","74HC595,MCP3208-CI/SL","","","","Package_SO:SOIC-16_3.9x9.9mm_P1.27mm","http://ww1.microchip.com/downloads/en/DeviceDoc/21298c.pdf,http://www.ti.com/lit/ds/symlink/sn74hc595.pdf"
